{"cameraMode":{"drawMode":0,"name":"Shaded","section":"Shading Mode"},"sceneLighting":true,"audioPlay":false,"sceneViewState":{"showFog":true,"showMaterialUpdate":false,"showSkybox":true,"showFlares":true,"showImageEffects":true,"showParticleSystems":true},"in2DMode":false,"pivot":{"x":5.024032115936279,"y":1.5663349628448487,"z":-6.682559967041016},"rotation":{"x":-0.001282473444007337,"y":-0.9974482655525208,"z":0.06893336027860642,"w":-0.018556663766503335},"size":11.045127868652344,"orthographic":false}