{"cameraMode":{"drawMode":0,"name":"Shaded","section":"Shading Mode"},"sceneLighting":true,"audioPlay":false,"sceneViewState":{"showFog":true,"showMaterialUpdate":false,"showSkybox":true,"showFlares":true,"showImageEffects":true,"showParticleSystems":true},"in2DMode":false,"pivot":{"x":22.82573890686035,"y":-0.6667325496673584,"z":2.81118106842041},"rotation":{"x":0.2329881340265274,"y":0.1924992948770523,"z":-0.047107793390750888,"w":0.9520728588104248},"size":8.23798656463623,"orthographic":false}